"email","password"
"b781325b-e67a-4401-8ea4-5a292b72a02d5@test.com","$2a$10$fW7vf7dfteVMk2x2jBzLGudkA75wBpZnf1TBs./dg180snzQg3ow2"
"b781325b-e67a-4401-8ea4-5a292b72a02d4@test.com","$2a$10$TJdtwTlYH4pK5fIzDY.goOgsjwKvo/ezGWjjfuNDOw7uKjBZW0yt6"
"b781325b-e67a-4401-8ea4-5a292b72a02d2@test.com","$2a$10$L0yLOMh983SgIM8eQPVcIOxTbhYOYhiiwQUp3KjFmXm4BtIYxnCXC"
"b781325b-e67a-4401-8ea4-5a292b72a02d1@test.com","$2a$10$Kgee8ps.A7wMVlxgl4h3duGafXCFVMPEBHaGrM5DijW8PE7NaENpy"
"b781325b-e67a-4401-8ea4-5a292b72a02d3@test.com","$2a$10$y5boDlAiNvQBurETHbpOY.BABoWTPk7wpUQgCUsQktbmX/XmhkBry"
"b781325b-e67a-4401-8ea4-5a292b72a02d9@test.com","$2a$10$zpNur9MpM7RDDzkvB8hFJOENllkQni0n0omApynrylZcf99G8YpKS"
"b781325b-e67a-4401-8ea4-5a292b72a02d13@test.com","$2a$10$vAw0hk3Cr3bENqnbEkLEXu8bu0uLGk0TmMVzr2s7DmgEPc7AR4XPq"
"b781325b-e67a-4401-8ea4-5a292b72a02d16@test.com","$2a$10$pIBtUSIng.Zvd4hSwnYV7OrDwnvNKKMu5FSH/m6eUlWAriEje/JOu"
"b781325b-e67a-4401-8ea4-5a292b72a02d6@test.com","$2a$10$0THeu2LyTN6a.OtLFbwpsuRadBSlb6luSxV9cY22epBiIY/6Aq.wG"
"b781325b-e67a-4401-8ea4-5a292b72a02d17@test.com","$2a$10$7s.U.kVUOBOh/./9Hsr/yechMmygcd16aDIHG6PNOP2zh.VY.AbAG"
"b781325b-e67a-4401-8ea4-5a292b72a02d11@test.com","$2a$10$gPHliqJtqqCH.bao/ZkKMuRSn9QR9JI.7LiUhEEtKxp/vowPdCiNy"
"b781325b-e67a-4401-8ea4-5a292b72a02d12@test.com","$2a$10$AeHc9kmykSm2KRy2Gv03Re67lWPCNX7FQbyUETdjDWqYq8DCl0Coe"
"b781325b-e67a-4401-8ea4-5a292b72a02d14@test.com","$2a$10$SP6LaqOU20xjl0mBBwSiYutV2BV1mtIAODfpjmOimt5MT5jC1lLQm"
"b781325b-e67a-4401-8ea4-5a292b72a02d7@test.com","$2a$10$KhMDQlVffzIvwrQT1z1OJeWMnniC2Jhr3C6jzH5OXzRjtZHkKdXMa"
"b781325b-e67a-4401-8ea4-5a292b72a02d8@test.com","$2a$10$k6nLOG9VGxAUgHgYxk2mFuG/eo4coKCU.VvEB839UoqyYY.WJiMg2"
"b781325b-e67a-4401-8ea4-5a292b72a02d15@test.com","$2a$10$YA.XteqGNFdjnf4EwzUBi.k0wrzcrDuWe7XwKs4NumzJ9bXlYe4MG"
"b781325b-e67a-4401-8ea4-5a292b72a02d19@test.com","$2a$10$C9yU8JUbLynobYIS3oXyFemUfhWw/hpXiyTyeCvlcxNNVRrU3Vudi"
"b781325b-e67a-4401-8ea4-5a292b72a02d18@test.com","$2a$10$jqBj4zu1i9PxvxzVbgLldO.R0Y0H6z9emChACxQNS9wPDQ/9mCul."
"b781325b-e67a-4401-8ea4-5a292b72a02d10@test.com","$2a$10$Qp/MFhsHxR63VWthgH.dq.krJZGog8BJQAdQ4u2XIyY7E2xJiQ5oG"
"b781325b-e67a-4401-8ea4-5a292b72a02d24@test.com","$2a$10$a0MyzMFbOvoSxfHeXIAbJ.j2LA2MPz77cQogTTJkogJ7yvH69y1Ze"
"b781325b-e67a-4401-8ea4-5a292b72a02d27@test.com","$2a$10$j3waZLMff5dXs93wL2tXOOI2Fxp7JPjv8Kbyi/nGAPOoHxsfZL6hq"
"b781325b-e67a-4401-8ea4-5a292b72a02d28@test.com","$2a$10$h59IH.n0QSBPKQOCHDiU8ux8tplxEUsCEWR3MGopb3vRVjkw4rqdW"
"b781325b-e67a-4401-8ea4-5a292b72a02d25@test.com","$2a$10$w7OH1wxlUfiJfcdR8Vy8ieGFgic1NQ7PH.HUlB0VCZWwpEwR0xEcq"
"b781325b-e67a-4401-8ea4-5a292b72a02d38@test.com","$2a$10$7PbDcr/F3nHvCFdUVnF3Zubv4UQP8NnIwTXH7459PaqXt5zohxxdu"
"b781325b-e67a-4401-8ea4-5a292b72a02d23@test.com","$2a$10$XQ9iGCq5a.K2DuWs.dQqLOS3FcseVzAFYUmFD3pXCihOUNdSJHtQu"
"b781325b-e67a-4401-8ea4-5a292b72a02d29@test.com","$2a$10$o1XaGR/JllYS7Il12Zya0OknL3zz3iIAL1n6tQOsfM4x5P7YG2E/i"
"b781325b-e67a-4401-8ea4-5a292b72a02d33@test.com","$2a$10$83RZ0bxuR7kfDtS7kyJUaeDNdbfToxWk9gw5UOxWxZ70cXrd0.oky"
"b781325b-e67a-4401-8ea4-5a292b72a02d21@test.com","$2a$10$A1VjO4f7eYAvXHQFipzQ0OWzh486z240i1e30RdNvnam0gad4SLli"
"b781325b-e67a-4401-8ea4-5a292b72a02d20@test.com","$2a$10$9IuJAz0Ir5GaWDiTCPcwWelevNNiRNnPJEInwqEKaeOP2kuEnNByS"
"b781325b-e67a-4401-8ea4-5a292b72a02d35@test.com","$2a$10$3c8HU5S0vk6bMBpPrp09ZuWOgRnC18MrH8U2PzpvGY45oC4g3us32"
"b781325b-e67a-4401-8ea4-5a292b72a02d45@test.com","$2a$10$mEnKXAxMndgoGXW0Y4d9BOUiVfRCFAcMqic4pcY/6iKUxdspSheRC"
"b781325b-e67a-4401-8ea4-5a292b72a02d52@test.com","$2a$10$uU3bk7hR.OIgDhoX4Zozt.Doz16J/iuXNCeJt/XaT7bc3QRV.wM8y"
"b781325b-e67a-4401-8ea4-5a292b72a02d41@test.com","$2a$10$rDsa3kL9lMeTURaQ8/eZGOTGpuSZa/KYjPGb7/HtU/SAkHEaea6K2"
"b781325b-e67a-4401-8ea4-5a292b72a02d30@test.com","$2a$10$9Ss7E9MjW9BYrjfVs7v.T.yQYizhU76OxPBzk1KYTEkfH7nmkLcJ."
"b781325b-e67a-4401-8ea4-5a292b72a02d26@test.com","$2a$10$iR6Kxx5JsxSsagE0n67t.eQWNjF.yzTS4d6kpRyZDZV6/QGMRYZEa"
"b781325b-e67a-4401-8ea4-5a292b72a02d32@test.com","$2a$10$nCpZpVHOVILI./4vxxNHx.5Hu.CwTnMMWJ8MD9sqV4dfgi/rTMl2a"
"b781325b-e67a-4401-8ea4-5a292b72a02d43@test.com","$2a$10$dXp1AKu/PtlfVK48xr/P7u/wS7OCN06z5s458cdLj5RYBogKy.F3."
"b781325b-e67a-4401-8ea4-5a292b72a02d31@test.com","$2a$10$nMJLbQx4Jf1v/Vn5N1tTAewSEGIKvfrY4PC9cgOgzzIk9s4hREsQS"
"b781325b-e67a-4401-8ea4-5a292b72a02d34@test.com","$2a$10$zd.IIFh.UFdEtbD.CQwmOOvzQMFNFyjZhhrHdP6EsAkIXAf7nxyZ2"
"b781325b-e67a-4401-8ea4-5a292b72a02d36@test.com","$2a$10$Ye9XFvFFUZKFLQ8Axo67u.G9kqdq.lPeStmoZqzD9gdonaOPxarOi"
"b781325b-e67a-4401-8ea4-5a292b72a02d42@test.com","$2a$10$Nz3WuDNZQJKGvRGqUWzgUu3ofNMAI3vJyq/5VP7xGuaRMkHNGYW12"
"b781325b-e67a-4401-8ea4-5a292b72a02d40@test.com","$2a$10$LcDhBfTG/vmvwpGA5FHHhusLvT0J69NbywPcUlxVRY.7fFphTHu12"
"b781325b-e67a-4401-8ea4-5a292b72a02d95@test.com","$2a$10$H2dLPCv.H.wD8L4g8wkoyOIN7Kyouy6TLwMneewfZSrDPoONvpz1S"
"b781325b-e67a-4401-8ea4-5a292b72a02d22@test.com","$2a$10$aJOuclzCoiLKm6SuMWDYGugivBwqzpGEyVPHSxepfbuN2Z7wIKyDC"
"b781325b-e67a-4401-8ea4-5a292b72a02d46@test.com","$2a$10$B2TeWyCNNLgpRdwOPEb1uO55oGYKIjXybrYQr5F55g4LiVu.n7ukW"
"b781325b-e67a-4401-8ea4-5a292b72a02d50@test.com","$2a$10$xqmxCBnyOAFLBdz4ZkLHFOwc6N4yW0Z4ZwqCUjjcS320951efUQH."
"b781325b-e67a-4401-8ea4-5a292b72a02d39@test.com","$2a$10$sad275j6nE6AgSZHh99QueU2TDJr5Fay5MUCoCL24iHx65MXC8j2q"
"b781325b-e67a-4401-8ea4-5a292b72a02d44@test.com","$2a$10$IAJI/Si6BS0wDX7VvnNCn.0pdAacApXpktXG37NQKbtSWrGNVWJri"
"b781325b-e67a-4401-8ea4-5a292b72a02d49@test.com","$2a$10$BI/g4U7oqaCZ0rdeuRbyBuJ05/ec1kgKK1G5iLA1890yEFcrR7R0m"
"b781325b-e67a-4401-8ea4-5a292b72a02d37@test.com","$2a$10$AcRRjBi7nGIryBremSw57uL6iCOyWhBw7DLNe6ASJwjEGdm1fChYy"
"b781325b-e67a-4401-8ea4-5a292b72a02d97@test.com","$2a$10$sTKSq.U90.TOxAUDK381FuY3TSUmfDNb1VLV6.f4U2G6EDYKAks/S"
"b781325b-e67a-4401-8ea4-5a292b72a02d60@test.com","$2a$10$S26H.2mLGewi.QYtwbK9TeJuTOwycaomBIR5g6H8LFejUlHlE6kBO"
"b781325b-e67a-4401-8ea4-5a292b72a02d57@test.com","$2a$10$Az0zqr7Y.ziaocbBybUnQ.AddvE2P8y9dCMDbGAU6xtL0EXvsveNG"
"b781325b-e67a-4401-8ea4-5a292b72a02d71@test.com","$2a$10$QGIwQvyOs0aP3b5a69DfWuzQc5ik6iQm1YdooUPNJiOApzAXOT.l6"
"b781325b-e67a-4401-8ea4-5a292b72a02d78@test.com","$2a$10$28pvbIZ0xBbLxNi0FTriuO.UBoegnLLRJsLgNj3pD6dTZ9bmvHvae"
"b781325b-e67a-4401-8ea4-5a292b72a02d48@test.com","$2a$10$AOINO3bCW51UWA3j06gW3u6W57jpEX0Aewkm68yNwcBjNRrJasdoS"
"b781325b-e67a-4401-8ea4-5a292b72a02d94@test.com","$2a$10$MYwsSXlrxwzuhr5NrgLw.uKl1PAumCz7OMZ1o3yyblXD9vfoPS4qS"
"b781325b-e67a-4401-8ea4-5a292b72a02d67@test.com","$2a$10$T8.m2I7raPuOtU6Ald1qTuRMRtpnWXZ90IghPo1Zea9luJ8PIfC8C"
"b781325b-e67a-4401-8ea4-5a292b72a02d98@test.com","$2a$10$d0LCSoxDC2I4/cCQAT.L2ub03PMErFhcrRzS.Zk0tMu6MWJvBeUBe"
"b781325b-e67a-4401-8ea4-5a292b72a02d86@test.com","$2a$10$kX9BmpBDAAq.tnT7n.20cuPfUQu6lrk9NUIz3WgM6NGAcKddONKI."
"b781325b-e67a-4401-8ea4-5a292b72a02d64@test.com","$2a$10$CKBFY1HO2yvb36y95HIFKOMMn5prSwsZXBoJhcJKQPKXlIvtI5zZS"
"b781325b-e67a-4401-8ea4-5a292b72a02d88@test.com","$2a$10$h9l8tKPSHyhIKbjHbxIVKe4u2JskIRTY5e7bAhTO9W/ZvLsGpGOhS"
"b781325b-e67a-4401-8ea4-5a292b72a02d63@test.com","$2a$10$mVNKIOlFO/uxdh/C8VZXCOHYEo3GRdNAhnUS61FJPkEThw8I1SRVa"
"b781325b-e67a-4401-8ea4-5a292b72a02d90@test.com","$2a$10$xpO66ivw/C/sHzAn21XmYORs9OlLujROGCNdqwU3N7IqNiuoKh9qK"
"b781325b-e67a-4401-8ea4-5a292b72a02d93@test.com","$2a$10$6YcjQABnQAKPGfgIPLC.lOTxTqyE1rXUuDdG6kZA8ug8jyYH4SUQO"
"b781325b-e67a-4401-8ea4-5a292b72a02d53@test.com","$2a$10$KPHQYC8LjAvy/aX7PRZxo.h7fnMFf9iicsaHIqhw0bepMPac1eus."
"b781325b-e67a-4401-8ea4-5a292b72a02d62@test.com","$2a$10$/AoID.NVheJPqVqOVkNow.2lQEdpRRKwtzlxCbEddrY93lQkoALhO"
"b781325b-e67a-4401-8ea4-5a292b72a02d56@test.com","$2a$10$fYvqt5RF.noGmXS/SoXxJ.Rwe2aVDyKrLuAmLpUnriG/6VimIBmA."
"b781325b-e67a-4401-8ea4-5a292b72a02d54@test.com","$2a$10$.UzuW4aiiM4uYOcZ50IEO.YCGSrFvExodArnsLC/4v9VqfGe9ESVa"
"b781325b-e67a-4401-8ea4-5a292b72a02d75@test.com","$2a$10$Q5e3MZABB6ZYyX18B2K37eXpK5wj29UfpFt1FP24l3DFGoqwLH.Re"
"b781325b-e67a-4401-8ea4-5a292b72a02d51@test.com","$2a$10$rHqTwDBNmnM.sNLMSYZfX.H6cCpMmvEz80Licg.VWtMDQK806Ss/S"
"b781325b-e67a-4401-8ea4-5a292b72a02d99@test.com","$2a$10$sd0l1Od4xSr2OiPvTRlDPeouOVOqYi7G3DXYYhcRg2W7FC7qmbAXq"
"b781325b-e67a-4401-8ea4-5a292b72a02d58@test.com","$2a$10$MZq.1ug5bLt2W65rm.Mxn.cDlZ7ZEZqk43gYa4.3CtD.dzRridPF6"
"b781325b-e67a-4401-8ea4-5a292b72a02d65@test.com","$2a$10$uHTbGnJmRUnuWoJ5kZ4bwunVFpw375f2wpyuCjZ9UXOad0sFwbBpq"
"b781325b-e67a-4401-8ea4-5a292b72a02d80@test.com","$2a$10$WBKn8mepKXC5SKvpHdQxseZ.G72tLjkCsjoYz3Nck1Sv4aoariWfW"
"b781325b-e67a-4401-8ea4-5a292b72a02d76@test.com","$2a$10$SzUKtTraa2HI4Aufn0HjFeodRmremJChgZn57HZFXUQMjAvA5xSt2"
"b781325b-e67a-4401-8ea4-5a292b72a02d77@test.com","$2a$10$VFD7fu5fQk0B20W/TD4wsOYE8cDbo0MmjBGesQaGHGIO.ynvHNofO"
"b781325b-e67a-4401-8ea4-5a292b72a02d82@test.com","$2a$10$2FECL54ep37HjYlTWlTcUOzHpsJOsUJfSquz2XqPf74n5z/42lamK"
"b781325b-e67a-4401-8ea4-5a292b72a02d59@test.com","$2a$10$TtcaV3hmW.9e5.aNKBVGhuvMH20DeCf2TXpEXz9OsINUWcKjojeFG"
"b781325b-e67a-4401-8ea4-5a292b72a02d92@test.com","$2a$10$NimOOjemWuvVhiwnWCxv8ejCizOVXfOyapnbigmQ630B8IEOMwoAK"
"b781325b-e67a-4401-8ea4-5a292b72a02d61@test.com","$2a$10$tqe06P3a3Ezv/CSIcxX3kOXomAgmQnBSVpMOMb36eVDEHcKq3omSS"
"b781325b-e67a-4401-8ea4-5a292b72a02d55@test.com","$2a$10$i6doxEXELXg9YBSoDWZrGuc9wCg577LfmhDATp7O.DO31sowoo0Z2"
"b781325b-e67a-4401-8ea4-5a292b72a02d68@test.com","$2a$10$/fxG5iHK0TvjEYl2iaqFbuVLVEzayYBAKwsLLIQ0lZXCu43Z14Ysa"
"b781325b-e67a-4401-8ea4-5a292b72a02d100@test.com","$2a$10$5l4XgAaBUs9G.c1H8DrD/ujw2NAsKl3.SkcYOYTrqwGSj72BgtpF2"
"b781325b-e67a-4401-8ea4-5a292b72a02d84@test.com","$2a$10$TImWcRkZrFB3F8dhLg6lgeit803qu.CMpLZSdwqyFBVmFd190hRNK"
"b781325b-e67a-4401-8ea4-5a292b72a02d83@test.com","$2a$10$WqLbKnrTRXWNxNjAl2O5LudZGXpkpnieoXz4nHBVd4olEQO58D6g6"
"b781325b-e67a-4401-8ea4-5a292b72a02d74@test.com","$2a$10$jcErJ7xprUGDYlT/Cy848uq3cHH6FPUyp/mas2Bj2l414Qv5JyljW"
"b781325b-e67a-4401-8ea4-5a292b72a02d89@test.com","$2a$10$S5K5JEtqCC7fa2Nxpp7vbOtbvAMVbSGgkCk4Dl.kJGHMisPAlkgQ2"
"b781325b-e67a-4401-8ea4-5a292b72a02d66@test.com","$2a$10$DYu/fv5ooASDi1cZI80VnugWVBvDR8AwOo73Tf3Nd6QZV5cVEsvkW"
"b781325b-e67a-4401-8ea4-5a292b72a02d85@test.com","$2a$10$Ce/UxwJLbejlv5vqIlHaR.IOvqbnA/N.zkKo9LhvotGlwn1jbrlIi"
"b781325b-e67a-4401-8ea4-5a292b72a02d47@test.com","$2a$10$qpWubV1zPCb0/MM9s.3...NTDQiwmHFjRRWVFtxrpxqezRhiel5au"
"b781325b-e67a-4401-8ea4-5a292b72a02d69@test.com","$2a$10$3g/t4aPtvlGrgdqrRcHyUe3zMgSI4lkHogvzaItEW0i1RlCfFU/4q"
"b781325b-e67a-4401-8ea4-5a292b72a02d70@test.com","$2a$10$YzJGJ5KKi2z.1hfJWcKE9.1eF1d6L.D9Sjs54NDouxB8rF2vUMcEi"
"b781325b-e67a-4401-8ea4-5a292b72a02d96@test.com","$2a$10$CjrBkZWccwspOEPTs2vxBu3hIFVmYVEGnDUnPQbCKrX2yf1Z1NWb2"
"b781325b-e67a-4401-8ea4-5a292b72a02d91@test.com","$2a$10$N33JlJRxPKKsx6EQixmOFOvmDw6mtFcZB0Wb3GYCyGEtxHYLd9WbG"
"b781325b-e67a-4401-8ea4-5a292b72a02d73@test.com","$2a$10$K2GH5OxfQUFhN8x7DTszs.P49bG1MiG36hcWLhcGZfm2CZVaoqKEm"
"b781325b-e67a-4401-8ea4-5a292b72a02d72@test.com","$2a$10$oRpWH4jEpcF2nP9vYYTXC.1.QM.J1rh03ae8CHGWj5LjLk96xxOUW"
"b781325b-e67a-4401-8ea4-5a292b72a02d87@test.com","$2a$10$NlABGRc7WCIb/i6thERWwOC2vUKnLbYQUn3HfBvWyu91sanDIcI4W"
"b781325b-e67a-4401-8ea4-5a292b72a02d81@test.com","$2a$10$nZOCImaMU5/N1KpJh9aDMusyV.kxxfaHHSUvmPnTjqwQuGUCuG/b6"
"b781325b-e67a-4401-8ea4-5a292b72a02d79@test.com","$2a$10$/qg96ILss7FmXzRc5d9TH.dK0QqbXQbAO8A3FUsjXFGX/oBHp/0sm"
